{
  "Arecanut": {
    "precision": 0.45454545454545453,
    "recall": 0.2631578947368421,
    "f1-score": 0.3333333333333333,
    "support": 19.0
  },
  "Bajra": {
    "precision": 0.43478260869565216,
    "recall": 0.5263157894736842,
    "f1-score": 0.47619047619047616,
    "support": 19.0
  },
  "Banana": {
    "precision": 0.7857142857142857,
    "recall": 0.5789473684210527,
    "f1-score": 0.6666666666666666,
    "support": 19.0
  },
  "Barley": {
    "precision": 0.5483870967741935,
    "recall": 0.8947368421052632,
    "f1-score": 0.68,
    "support": 19.0
  },
  "BlackPepper": {
    "precision": 0.42105263157894735,
    "recall": 0.42105263157894735,
    "f1-score": 0.42105263157894735,
    "support": 19.0
  },
  "Brinjal": {
    "precision": 0.23076923076923078,
    "recall": 0.15789473684210525,
    "f1-score": 0.1875,
    "support": 19.0
  },
  "Cabbage": {
    "precision": 0.3333333333333333,
    "recall": 0.21052631578947367,
    "f1-score": 0.25806451612903225,
    "support": 19.0
  },
  "Cardamom": {
    "precision": 0.6,
    "recall": 0.6,
    "f1-score": 0.6,
    "support": 20.0
  },
  "Cashew": {
    "precision": 0.6842105263157895,
    "recall": 0.6842105263157895,
    "f1-score": 0.6842105263157895,
    "support": 19.0
  },
  "Cauliflower": {
    "precision": 0.34615384615384615,
    "recall": 0.47368421052631576,
    "f1-score": 0.4,
    "support": 19.0
  },
  "Chickpea": {
    "precision": 0.6666666666666666,
    "recall": 0.3,
    "f1-score": 0.41379310344827586,
    "support": 20.0
  },
  "Chilli": {
    "precision": 0.13333333333333333,
    "recall": 0.10526315789473684,
    "f1-score": 0.11764705882352941,
    "support": 19.0
  },
  "Clove": {
    "precision": 0.4166666666666667,
    "recall": 0.5263157894736842,
    "f1-score": 0.46511627906976744,
    "support": 19.0
  },
  "Coconut": {
    "precision": 0.5909090909090909,
    "recall": 0.6842105263157895,
    "f1-score": 0.6341463414634146,
    "support": 19.0
  },
  "Coffee": {
    "precision": 0.5384615384615384,
    "recall": 0.35,
    "f1-score": 0.42424242424242425,
    "support": 20.0
  },
  "Coriander": {
    "precision": 0.34782608695652173,
    "recall": 0.42105263157894735,
    "f1-score": 0.38095238095238093,
    "support": 19.0
  },
  "Cotton": {
    "precision": 0.36,
    "recall": 0.47368421052631576,
    "f1-score": 0.4090909090909091,
    "support": 19.0
  },
  "Cumin": {
    "precision": 0.8421052631578947,
    "recall": 0.8421052631578947,
    "f1-score": 0.8421052631578947,
    "support": 19.0
  },
  "Garlic": {
    "precision": 0.4666666666666667,
    "recall": 0.35,
    "f1-score": 0.4,
    "support": 20.0
  },
  "Ginger": {
    "precision": 0.30434782608695654,
    "recall": 0.3684210526315789,
    "f1-score": 0.3333333333333333,
    "support": 19.0
  },
  "Grape": {
    "precision": 0.23076923076923078,
    "recall": 0.15,
    "f1-score": 0.18181818181818182,
    "support": 20.0
  },
  "Groundnut": {
    "precision": 0.42424242424242425,
    "recall": 0.7368421052631579,
    "f1-score": 0.5384615384615384,
    "support": 19.0
  },
  "Guava": {
    "precision": 0.29411764705882354,
    "recall": 0.25,
    "f1-score": 0.2702702702702703,
    "support": 20.0
  },
  "Jackfruit": {
    "precision": 0.23809523809523808,
    "recall": 0.2631578947368421,
    "f1-score": 0.25,
    "support": 19.0
  },
  "Jowar": {
    "precision": 0.3076923076923077,
    "recall": 0.21052631578947367,
    "f1-score": 0.25,
    "support": 19.0
  },
  "Jute": {
    "precision": 0.42857142857142855,
    "recall": 0.631578947368421,
    "f1-score": 0.5106382978723404,
    "support": 19.0
  },
  "Lentil": {
    "precision": 0.6785714285714286,
    "recall": 1.0,
    "f1-score": 0.8085106382978723,
    "support": 19.0
  },
  "Maize": {
    "precision": 0.5555555555555556,
    "recall": 0.2631578947368421,
    "f1-score": 0.35714285714285715,
    "support": 19.0
  },
  "Mango": {
    "precision": 0.47058823529411764,
    "recall": 0.4,
    "f1-score": 0.43243243243243246,
    "support": 20.0
  },
  "Mustard": {
    "precision": 0.28,
    "recall": 0.3684210526315789,
    "f1-score": 0.3181818181818182,
    "support": 19.0
  },
  "Okra": {
    "precision": 0.3333333333333333,
    "recall": 0.3684210526315789,
    "f1-score": 0.35,
    "support": 19.0
  },
  "Onion": {
    "precision": 0.2,
    "recall": 0.05263157894736842,
    "f1-score": 0.08333333333333333,
    "support": 19.0
  },
  "Orange": {
    "precision": 0.29411764705882354,
    "recall": 0.2631578947368421,
    "f1-score": 0.2777777777777778,
    "support": 19.0
  },
  "Papaya": {
    "precision": 0.125,
    "recall": 0.05263157894736842,
    "f1-score": 0.07407407407407407,
    "support": 19.0
  },
  "Peas": {
    "precision": 0.5769230769230769,
    "recall": 0.7894736842105263,
    "f1-score": 0.6666666666666666,
    "support": 19.0
  },
  "Pomegranate": {
    "precision": 0.35,
    "recall": 0.3684210526315789,
    "f1-score": 0.358974358974359,
    "support": 19.0
  },
  "Potato": {
    "precision": 0.7272727272727273,
    "recall": 0.8421052631578947,
    "f1-score": 0.7804878048780488,
    "support": 19.0
  },
  "Ragi": {
    "precision": 0.4090909090909091,
    "recall": 0.47368421052631576,
    "f1-score": 0.43902439024390244,
    "support": 19.0
  },
  "Rice": {
    "precision": 0.6875,
    "recall": 0.55,
    "f1-score": 0.6111111111111112,
    "support": 20.0
  },
  "Rubber": {
    "precision": 0.8666666666666667,
    "recall": 0.6842105263157895,
    "f1-score": 0.7647058823529411,
    "support": 19.0
  },
  "Sesame": {
    "precision": 0.5,
    "recall": 0.631578947368421,
    "f1-score": 0.5581395348837209,
    "support": 19.0
  },
  "Soybean": {
    "precision": 0.6666666666666666,
    "recall": 0.5263157894736842,
    "f1-score": 0.5882352941176471,
    "support": 19.0
  },
  "Sugarcane": {
    "precision": 0.75,
    "recall": 0.9,
    "f1-score": 0.8181818181818182,
    "support": 20.0
  },
  "Sunflower": {
    "precision": 0.1,
    "recall": 0.05263157894736842,
    "f1-score": 0.06896551724137931,
    "support": 19.0
  },
  "Tea": {
    "precision": 0.6086956521739131,
    "recall": 0.7368421052631579,
    "f1-score": 0.6666666666666666,
    "support": 19.0
  },
  "Tobacco": {
    "precision": 0.1724137931034483,
    "recall": 0.2631578947368421,
    "f1-score": 0.20833333333333334,
    "support": 19.0
  },
  "Tomato": {
    "precision": 0.2857142857142857,
    "recall": 0.10526315789473684,
    "f1-score": 0.15384615384615385,
    "support": 19.0
  },
  "Turmeric": {
    "precision": 0.24,
    "recall": 0.3157894736842105,
    "f1-score": 0.2727272727272727,
    "support": 19.0
  },
  "Watermelon": {
    "precision": 0.35294117647058826,
    "recall": 0.631578947368421,
    "f1-score": 0.4528301886792453,
    "support": 19.0
  },
  "Wheat": {
    "precision": 0.35294117647058826,
    "recall": 0.3,
    "f1-score": 0.32432432432432434,
    "support": 20.0
  },
  "accuracy": 0.4479166666666667,
  "macro avg": {
    "precision": 0.440268255191633,
    "recall": 0.4482631578947368,
    "f1-score": 0.4312661356337453,
    "support": 960.0
  },
  "weighted avg": {
    "precision": 0.44095057665983234,
    "recall": 0.4479166666666667,
    "f1-score": 0.43143646095613203,
    "support": 960.0
  }
}